<?xml version="1.0" encoding="UTF-8"?><SLA Version="1.0"><TxList><Tx>UC_02_Register_Logout</Tx><Tx>UC_03_Login</Tx><Tx>vuser_end_Transaction</Tx><Tx>UC_03_Order</Tx><Tx>UC_03_Open_Order_Page</Tx><Tx>UC_01_Logout</Tx><Tx>UC_02_Logout</Tx><Tx>UC_03_Logout</Tx><Tx>UC_03_Login_Order_Logout</Tx><Tx>vuser_init_Transaction</Tx><Tx>UC_02_Register</Tx><Tx>UC_01_Login</Tx><Tx>UC_01_Login_Logout</Tx><Tx>UC_02_Open_Register_Page</Tx><Tx>UC_02_Open_Login_Page</Tx><Tx>UC_03_Open_Login_Page</Tx><Tx>UC_01_Open_Login_Page</Tx><Tx>Action_Transaction</Tx></TxList><SLARules><TrackingPeriodType>Default</TrackingPeriodType><TrackingPeriodValue></TrackingPeriodValue><TrackingPeriodTimeScale></TrackingPeriodTimeScale></SLARules></SLA>